{
  "GRU": {
    "MSE": 0.14617866277694702,
    "MAE": 0.15584459900856018,
    "RMSE": 0.3823331829398895,
    "R²": 0.5354101890977822,
    "DA": 63.17806839942932,
    "TA@0.2": 76.4777421951294
  },
  "GRU+Text": {
    "MSE": 0.10841476172208786,
    "MAE": 0.12966197729110718,
    "RMSE": 0.3292639696688477,
    "R²": 0.6495855270953605,
    "DA": 68.27830076217651,
    "TA@0.2": 79.12459373474121
  },
  "CondGRU": {
    "MSE": 0.19607239961624146,
    "MAE": 0.18720810115337372,
    "RMSE": 0.44280063190587415,
    "R²": 0.37683628975838,
    "DA": 61.48781180381775,
    "TA@0.2": 74.39103126525879
  },
  "GitPulse": {
    "MSE": 0.09489811956882477,
    "MAE": 0.12431111186742783,
    "RMSE": 0.30805538393091714,
    "R²": 0.6932735527374794,
    "DA": 68.56328845024109,
    "TA@0.2": 79.54776883125305
  },
  "Transformer": {
    "MSE": 0.16932818293571472,
    "MAE": 0.16674502193927765,
    "RMSE": 0.4114950582154234,
    "R²": 0.4618356050194784,
    "DA": 62.22484111785889,
    "TA@0.2": 75.97103714942932
  },
  "Transformer+Text": {
    "MSE": 0.07117519527673721,
    "MAE": 0.10749135166406631,
    "RMSE": 0.2667867974183453,
    "R²": 0.7699499738516826,
    "DA": 72.99528121948242,
    "TA@0.2": 81.74780011177063
  },
  "PatchTST-TS": {
    "MSE": 0.1924734115600586,
    "MAE": 0.18620339035987854,
    "RMSE": 0.43871791798382087,
    "R²": 0.38827470809388687,
    "DA": 60.62303185462952,
    "TA@0.2": 74.278324842453
  },
  "PatchTST+Text": {
    "MSE": 0.13687413930892944,
    "MAE": 0.14683178067207336,
    "RMSE": 0.3699650514696347,
    "R²": 0.5576000941712904,
    "DA": 66.72562956809998,
    "TA@0.2": 77.55287885665894
  }
}