{
  "GitPulse": {
    "MSE": 0.07554114609956741,
    "MAE": 0.1093892976641655,
    "RMSE": 0.2748474960765832,
    "R2": 0.7559499740600586,
    "DA": 0.8668435534591195,
    "TA": 0.8160223810927673
  },
  "CondGRU+Text": {
    "MSE": 0.09153253585100174,
    "MAE": 0.12042587995529175,
    "RMSE": 0.3025434445678864,
    "R2": 0.7042867541313171,
    "DA": 0.8405070754716981,
    "TA": 0.801447646422956
  },
  "Transformer": {
    "MSE": 0.11415749043226242,
    "MAE": 0.1342027485370636,
    "RMSE": 0.33787200303112186,
    "R2": 0.6311925649642944,
    "DA": 0.8402122641509434,
    "TA": 0.7887400501179245
  },
  "LSTM": {
    "MSE": 0.2142,
    "MAE": 0.1914,
    "RMSE": 0.4628,
    "R2": 0.38,
    "DA": 0.56,
    "TA": 0.75
  },
  "MLP": {
    "MSE": 0.228,
    "MAE": 0.2025,
    "RMSE": 0.4775,
    "R2": 0.34,
    "DA": 0.56,
    "TA": 0.73
  },
  "Linear": {
    "MSE": 0.2261,
    "MAE": 0.1896,
    "RMSE": 0.4755,
    "R2": 0.34,
    "DA": 0.53,
    "TA": 0.74
  },
  "CondGRU": {
    "MSE": 0.2065122127532959,
    "MAE": 0.19494034349918365,
    "RMSE": 0.45443614815867794,
    "R2": 0.33282309770584106,
    "DA": 0.7418435534591195,
    "TA": 0.740633598663522
  }
}