{
  "model": "GitPulse v5.1 (v2 Fix)",
  "test_results": {
    "mse": 0.1948014497756958,
    "mae": 0.18331210315227509,
    "rmse": 0.44136317220141486,
    "da": 0.5482808351516724,
    "ta_02": 0.7407287955284119,
    "r2": 0.35501158237457275,
    "trend_acc": 1.0
  },
  "training_time_min": 64.106483121713,
  "parameters": {
    "trainable_params": 1153674,
    "total_params": 67516554,
    "trainable_mb": 4.400917053222656,
    "total_mb": 257.55521392822266
  }
}