{
  "results": {
    "v7.1+Text": {
      "MSE": 0.1736748218536377,
      "MAE": 0.17190250754356384,
      "RMSE": 0.4167431125449318,
      "R2": 0.44802099784610017,
      "DA": 56.24603033065796,
      "TA@0.2": 75.04667639732361,
      "epoch": 32
    },
    "v7.1-TS": {
      "MSE": 0.17885176837444305,
      "MAE": 0.1741592288017273,
      "RMSE": 0.42290869980935963,
      "R2": 0.4315674390033929,
      "DA": 56.94878101348877,
      "TA@0.2": 75.03316402435303,
      "epoch": 37
    },
    "v4.1+Text": {
      "MSE": 0.16487599909305573,
      "MAE": 0.16400760412216187,
      "RMSE": 0.4060492569788248,
      "R2": 0.4759856808745161,
      "DA": 57.42219686508179,
      "TA@0.2": 76.30146741867065,
      "epoch": 70
    },
    "v4.1-TS": {
      "MSE": 0.17167414724826813,
      "MAE": 0.170026496052742,
      "RMSE": 0.41433579045053315,
      "R2": 0.45437957623665504,
      "DA": 57.55850672721863,
      "TA@0.2": 75.39154887199402,
      "epoch": 30
    }
  },
  "text_contribution": {
    "v7.1": 2.8945458956642427,
    "v4.1": 3.959913745999972
  },
  "v7.1_vs_v4.1_improvement": -5.336630442867509
}